group,axis,method,bin,v22,v22_err,c22_or_corr,c22_or_corr_err,c22_significance
gap,beam,inclusive,0_10,0.8179982312,0.0006575696998,0.6691211062,0.00107579881,621.9760607
gap,beam,inclusive,10_15,0.7877989972,0.000259558993,0.62062726,0.0004089577707,1517.582754
gap,beam,inclusive,15_20,0.738490908,0.0002686933704,0.5453688211,0.0003968663864,1374.187484
gap,beam,inclusive,20_25,0.6758712262,0.0004526832992,0.4568019144,0.0006118705324,746.5662918
gap,beam,inclusive,25_30,0.6105141659,0.001389559083,0.3727275468,0.00169678303,219.6671821
gap,beam,inclusive,30_35,0.5448835267,0.00277624795,0.2968980577,0.003024352902,98.16911826
gap,beam,inclusive,35_40,0.4927123086,0.01145141558,0.2427654191,0.01127905961,21.52355138
gap,beam,inclusive,40_999,0.4789755236,0.03200116913,0.2294175522,0.03057663023,7.503035831
gap,beam,etagap1p0,0_10,0.7987048775,0.0008528949171,0.6379294814,0.001362460983,468.2185319
gap,beam,etagap1p0,10_15,0.7588905733,0.000566101768,0.5759149023,0.0008592175661,670.2783148
gap,beam,etagap1p0,15_20,0.6892339674,0.000449777106,0.4750434618,0.0006200136244,766.1822952
gap,beam,etagap1p0,20_25,0.5975947605,0.0008160508639,0.3571194977,0.0009751429353,366.2227196
gap,beam,etagap1p0,25_30,0.4987969499,0.002602946554,0.2487983973,0.00259750921,95.78345142
gap,beam,etagap1p0,30_35,0.4053400634,0.005273882298,0.164300567,0.004277029283,38.41464626
gap,beam,etagap1p0,35_40,0.3008783363,0.02897680748,0.09052777323,0.01727919075,5.239121122
gap,beam,etagap1p0,40_999,0.271947989,0.1833877543,0.07395570871,0.1149394467,0.6434319188
gap,beam,etagap1p6,0_10,0.8171869067,0.00119866899,0.6677944406,0.001959258142,340.8404571
gap,beam,etagap1p6,10_15,0.7759867996,0.000719120263,0.6021555131,0.001115984502,539.5733651
gap,beam,etagap1p6,15_20,0.701109702,0.0008373498904,0.4915548142,0.001174173653,418.6389407
gap,beam,etagap1p6,20_25,0.5982348224,0.001101542816,0.3578849027,0.001317961253,271.544328
gap,beam,etagap1p6,25_30,0.4864945345,0.003720610777,0.2366769321,0.003620046945,65.37952012
gap,beam,etagap1p6,30_35,0.3780891016,0.01286666079,0.1429513688,0.009702116279,14.73403994
gap,beam,etagap1p6,35_40,0.2623747743,0.03564062662,0.06884052219,0.01888583817,3.645086946
gap,beam,etagap1p6,40_999,0,0,-0.07142951748,0.1041802067,-0.6856342464
gap,beam,etagap2p0,0_10,0.8051183468,0.001755642886,0.6482155524,0.002826701187,229.3187392
gap,beam,etagap2p0,10_15,0.7621007501,0.0007825882161,0.5807975534,0.001192682507,486.9674452
gap,beam,etagap2p0,15_20,0.6839051587,0.001277309941,0.4677262661,0.001747077154,267.7192962
gap,beam,etagap2p0,20_25,0.5778788456,0.00185225172,0.3339439602,0.002140644149,156.0016224
gap,beam,etagap2p0,25_30,0.4669509607,0.005064693975,0.2180431997,0.004728321201,46.1142952
gap,beam,etagap2p0,30_35,0.3327387581,0.02457784633,0.1107150811,0.01625887372,6.809517256
gap,beam,etagap2p0,35_40,0.2597823155,0.04349004781,0.06748685143,0.02285341839,2.953030933
gap,beam,etagap2p0,40_999,0,0,-0.2227577912,0.1164105182,-1.913553815
gap,beam,etagap2p5,0_10,0.6513117402,0.004333640061,0.4242069829,0.005645685627,75.13825794
gap,beam,etagap2p5,10_15,0.6318902668,0.002182226348,0.3992853093,0.002757536658,144.7978246
gap,beam,etagap2p5,15_20,0.5718723736,0.00238173823,0.3270380117,0.002723217218,120.0925176
gap,beam,etagap2p5,20_25,0.4863023226,0.005023842909,0.236489949,0.004881967824,48.44152143
gap,beam,etagap2p5,25_30,0.3966290484,0.008925013902,0.157314602,0.007066567018,22.26181421
gap,beam,etagap2p5,30_35,0.1894223481,0.06367529857,0.03588082597,0.02307139917,1.555208061
gap,beam,etagap2p5,35_40,0,0,3.568494995e-05,0.05665515321,0.0006298623854
gap,beam,etagap2p5,40_999,0,0,-0.1349600178,0.1265250167,-1.066666667
gap,beam,etagap3p0,0_10,0.4165585622,0.04490840985,0.1735210358,0.03704294396,4.684320879
gap,beam,etagap3p0,10_15,0.4072771166,0.009571661164,0.1658746497,0.007820424908,21.21043955
gap,beam,etagap3p0,15_20,0.3933900143,0.009680424941,0.1547557033,0.007633115974,20.27425024
gap,beam,etagap3p0,20_25,0.363558399,0.013322853,0.1321747095,0.009692862624,13.63629246
gap,beam,etagap3p0,25_30,0.3326733348,0.03465183466,0.1106715477,0.02290447385,4.831874698
gap,beam,etagap3p0,30_35,0,0,-0.05171685012,0.03778625872,-1.368668184
gap,beam,etagap3p0,35_40,0,0,0.03644345237,0.2236321996,0.1629615612
gap,beam,etagap3p0,40_999,0,0,0,0,0
gap,beam,twosub0,0_10,0.8212865113,0.000676597596,0.6745115337,0.001111429622,606.8864105
gap,beam,twosub0,10_15,0.7877499007,0.0002760013495,0.6205499061,0.0004348424901,1427.068238
gap,beam,twosub0,15_20,0.7316249198,0.0002794463777,0.5352750232,0.0004089201308,1308.996508
gap,beam,twosub0,20_25,0.6573386478,0.0005692845017,0.4320940978,0.0007483563861,577.3908072
gap,beam,twosub0,25_30,0.5791162946,0.001616883668,0.3353756827,0.001872908221,179.0668004
gap,beam,twosub0,30_35,0.5011875232,0.003276838031,0.2511889334,0.003284422266,76.4788791
gap,beam,twosub0,35_40,0.4441540622,0.01402454049,0.1972728309,0.01245143279,15.84338399
gap,beam,twosub0,40_999,0.4193405694,0.06942959569,0.1758465131,0.05924426207,2.968161084
gap,beam,twosub1p0,0_10,0.8478576158,0.0009717221984,0.7188625366,0.001647893157,436.2312773
gap,beam,twosub1p0,10_15,0.8128924365,0.0006474764918,0.6607941133,0.001052584876,627.7822608
gap,beam,twosub1p0,15_20,0.7496318348,0.000571166712,0.5619478877,0.000856332822,656.2260295
gap,beam,twosub1p0,20_25,0.6579623439,0.0008345868651,0.432914446,0.001098127753,394.2295829
gap,beam,twosub1p0,25_30,0.5483521595,0.003588453555,0.3006900908,0.003936454203,76.38602542
gap,beam,twosub1p0,30_35,0.4407953313,0.008068407359,0.1943005241,0.007115176515,27.30789934
gap,beam,twosub1p0,35_40,0.3432364617,0.03131655341,0.1178112686,0.02137818527,5.510817085
gap,beam,twosub1p0,40_999,0,0,-0.05479509744,0.0709181972,-0.7726521486
gap,beam,twosub1p6,0_10,0.8533423153,0.001195116914,0.728193107,0.002039773137,356.997106
gap,beam,twosub1p6,10_15,0.8169502253,0.0007107513593,0.6674076705,0.001161307451,574.7036844
gap,beam,twosub1p6,15_20,0.7495224188,0.0009722457371,0.5617838562,0.001457500207,385.4434143
gap,beam,twosub1p6,20_25,0.6466076909,0.001410014911,0.4181015059,0.001823338033,229.3055365
gap,beam,twosub1p6,25_30,0.5296206645,0.00480064792,0.2804980482,0.005083809973,55.17477045
gap,beam,twosub1p6,30_35,0.397750501,0.01992275164,0.1582054611,0.0157996746,10.01321009
gap,beam,twosub1p6,35_40,0.2684561322,0.04784822657,0.07206869493,0.02595285943,2.77690769
gap,beam,twosub1p6,40_999,0,0,-0.1184887237,0.141130033,-0.8395712892
gap,beam,twosub2p0,0_10,0.8342788578,0.002390211975,0.6960212126,0.003989222173,174.4754196
gap,beam,twosub2p0,10_15,0.7909763713,0.0009975301591,0.62564362,0.001577698581,396.5545939
gap,beam,twosub2p0,15_20,0.7143750235,0.001767157587,0.5103316741,0.002524677338,202.1373846
gap,beam,twosub2p0,20_25,0.5994625433,0.002951892411,0.3593553408,0.003537928723,101.5722387
gap,beam,twosub2p0,25_30,0.4896758347,0.006885221859,0.2397824231,0.006737799139,35.58764786
gap,beam,twosub2p0,30_35,0.3226405883,0.03881414431,0.1040969492,0.02485170069,4.188725372
gap,beam,twosub2p0,35_40,0.3415044485,0.04745335235,0.1166252883,0.0326744652,3.569309784
gap,beam,twosub2p0,40_999,0,0,-0.3392821975,0.03274050923,-10.36276483
gap,thrust,inclusive,0_10,0.3416780557,0.001938489142,0.1167438938,0.001324491045,88.1424561
gap,thrust,inclusive,10_15,0.3697460193,0.0008824768038,0.1367121188,0.0006525794907,209.4949669
gap,thrust,inclusive,15_20,0.4038380879,0.0005744860261,0.1630852012,0.0004639623566,351.5052437
gap,thrust,inclusive,20_25,0.4191647485,0.0005767513161,0.1756990864,0.000483460363,363.4198371
gap,thrust,inclusive,25_30,0.4197089718,0.001240855941,0.176155621,0.001041790191,169.0893451
gap,thrust,inclusive,30_35,0.407710165,0.003512120616,0.1662275786,0.002863981658,58.04072738
gap,thrust,inclusive,35_40,0.4026238402,0.01364775686,0.1621059567,0.01094358486,14.81287519
gap,thrust,inclusive,40_999,0.3124884891,0.1307904729,0.09764905579,0.06713179046,1.454587389
gap,thrust,etagap1p0,0_10,0.2766307639,0.002827556879,0.07652457955,0.001566542841,48.84933724
gap,thrust,etagap1p0,10_15,0.2854943961,0.0007921801323,0.08150705022,0.0004523134783,180.2003569
gap,thrust,etagap1p0,15_20,0.2949480453,0.000869736192,0.08699434945,0.0005130449152,169.5647825
gap,thrust,etagap1p0,20_25,0.2847860579,0.001046243811,0.08110309877,0.0005956315707,136.1631968
gap,thrust,etagap1p0,25_30,0.2695240673,0.002321725654,0.07264322287,0.00125117231,58.06012672
gap,thrust,etagap1p0,30_35,0.2501019034,0.007241764631,0.06255096207,0.003618066579,17.28850498
gap,thrust,etagap1p0,35_40,0.2526920935,0.02704531443,0.06385329412,0.01365907183,4.674790127
gap,thrust,etagap1p0,40_999,0,0,-0.06783108531,0.0852877325,-0.7953205382
gap,thrust,etagap1p6,0_10,0.2567604227,0.002755132783,0.06592591467,0.001416458954,46.5427639
gap,thrust,etagap1p6,10_15,0.2554776452,0.000945191446,0.06526882722,0.0004829483482,135.1466
gap,thrust,etagap1p6,15_20,0.2546358618,0.001105937216,0.06483942213,0.0005632505217,115.1164884
gap,thrust,etagap1p6,20_25,0.234518442,0.001238125304,0.05499889963,0.000580417431,94.75749125
gap,thrust,etagap1p6,25_30,0.2150929554,0.003148681027,0.04626497948,0.001354231856,34.16326331
gap,thrust,etagap1p6,30_35,0.1926816505,0.01086105901,0.03712621846,0.004169633182,8.903953138
gap,thrust,etagap1p6,35_40,0.2042032493,0.0329571666,0.041698967,0.01322073807,3.154057421
gap,thrust,etagap1p6,40_999,0,0,-0.1119348452,0.1250608707,-0.8950429068
gap,thrust,etagap2p0,0_10,0.2418270441,0.002887851917,0.05848031924,0.001399564717,41.78464812
gap,thrust,etagap2p0,10_15,0.2373015763,0.001282811045,0.05631203813,0.0006087281443,92.50769601
gap,thrust,etagap2p0,15_20,0.2328712945,0.001210797423,0.0542290398,0.000563952536,96.15887213
gap,thrust,etagap2p0,20_25,0.2110569553,0.001458902279,0.04454503837,0.0006154300646,72.38034169
gap,thrust,etagap2p0,25_30,0.1922623106,0.003904268439,0.03696479609,0.001501143337,24.62442805
gap,thrust,etagap2p0,30_35,0.1707618205,0.01278671614,0.02915959935,0.004355354451,6.695115099
gap,thrust,etagap2p0,35_40,0.1796972612,0.04072732841,0.0322911057,0.01416243419,2.280053363
gap,thrust,etagap2p0,40_999,0,0,-0.1498634798,0.1086020231,-1.379932671
gap,thrust,etagap2p5,0_10,0.224179765,0.003522543382,0.05025656702,0.001581995989,31.76782201
gap,thrust,etagap2p5,10_15,0.2141381527,0.001499968,0.04585514845,0.0006422658499,71.39590008
gap,thrust,etagap2p5,15_20,0.2108219533,0.001310074925,0.044445896,0.0005527142808,80.41387304
gap,thrust,etagap2p5,20_25,0.1901372045,0.001773156581,0.03615215654,0.0006738001277,53.65412539
gap,thrust,etagap2p5,25_30,0.1734663157,0.004988181542,0.03009056269,0.001731900629,17.37430092
gap,thrust,etagap2p5,30_35,0.1546491864,0.01295490725,0.02391637086,0.004000733063,5.977997153
gap,thrust,etagap2p5,35_40,0.1695523895,0.04654098416,0.02874801277,0.01518976935,1.892590474
gap,thrust,etagap2p5,40_999,0,0,-0.1448681131,0.1122912494,-1.290110439
gap,thrust,etagap3p0,0_10,0.205675661,0.004109286396,0.04230247753,0.001693156559,24.9843863
gap,thrust,etagap3p0,10_15,0.194884834,0.001850096188,0.03798009853,0.0007215726314,52.63517057
gap,thrust,etagap3p0,15_20,0.1949288447,0.001641968357,0.0379972545,0.000640810683,59.29560089
gap,thrust,etagap3p0,20_25,0.1778841862,0.001909003428,0.03164278369,0.0006793394976,46.57874863
gap,thrust,etagap3p0,25_30,0.1612970465,0.005100646105,0.02601673721,0.00164826177,15.7843479
gap,thrust,etagap3p0,30_35,0.1504417617,0.01415507481,0.02263272367,0.00423969105,5.338295504
gap,thrust,etagap3p0,35_40,0.1720731024,0.04014615754,0.02960915258,0.01383792127,2.139711016
gap,thrust,etagap3p0,40_999,0,0,-0.05074748076,0.1570761311,-0.3230756984
gap,thrust,twosub0,0_10,0.2115712248,0.004278587389,0.04476238316,0.001813599199,24.68151904
gap,thrust,twosub0,10_15,0.2161948755,0.001405096123,0.0467402242,0.0006074954348,76.93921883
gap,thrust,twosub0,15_20,0.2282042644,0.001380152876,0.0520771863,0.000630074004,82.65249158
gap,thrust,twosub0,20_25,0.2223280324,0.001489516661,0.04942975399,0.0006618427245,74.68504549
gap,thrust,twosub0,25_30,0.2193494472,0.003439102829,0.04811417999,0.001507703314,31.91223336
gap,thrust,twosub0,30_35,0.2137878457,0.009578040718,0.04570524298,0.004083257319,11.1933291
gap,thrust,twosub0,35_40,0.2277908567,0.03637852009,0.05188867439,0.01662723273,3.120704162
gap,thrust,twosub0,40_999,0,0,-0.09557483182,0.101421752,-0.9423504317
gap,thrust,twosub1p0,0_10,0.1918738184,0.004790934761,0.0368155622,0.001842512224,19.98117664
gap,thrust,twosub1p0,10_15,0.185292702,0.001694510674,0.03433338542,0.0006279387476,54.67632878
gap,thrust,twosub1p0,15_20,0.1902130778,0.001513113927,0.03618101495,0.0005760187138,62.81222134
gap,thrust,twosub1p0,20_25,0.1751446608,0.002136578148,0.03067565222,0.0007473908815,41.0436533
gap,thrust,twosub1p0,25_30,0.1651203587,0.005022290512,0.02726473284,0.001656126158,16.46295647
gap,thrust,twosub1p0,30_35,0.1502714021,0.01463809531,0.0225814943,0.004366552308,5.171470009
gap,thrust,twosub1p0,35_40,0.1708965737,0.05434468234,0.02920563891,0.01807836437,1.615502283
gap,thrust,twosub1p0,40_999,0,0,-0.1436746696,0.1257880091,-1.142196865
gap,thrust,twosub1p6,0_10,0.1880946755,0.004891670664,0.03537960696,0.001841605214,19.21128736
gap,thrust,twosub1p6,10_15,0.1775342861,0.001943839947,0.03151842276,0.0006906462444,45.6361314
gap,thrust,twosub1p6,15_20,0.1813923933,0.001582542189,0.03290320033,0.0005746098029,57.26181518
gap,thrust,twosub1p6,20_25,0.1652654898,0.002275601467,0.02731268211,0.0007517469951,36.33227973
gap,thrust,twosub1p6,25_30,0.150674064,0.005935626727,0.02270267357,0.001786002046,12.7114488
gap,thrust,twosub1p6,30_35,0.1479973057,0.01427302443,0.0219032025,0.004193747563,5.222823303
gap,thrust,twosub1p6,35_40,0.1549837909,0.05703040751,0.02401997544,0.01643673989,1.461358858
gap,thrust,twosub1p6,40_999,0,0,-0.158059747,0.1375357398,-1.149226718
gap,thrust,twosub2p0,0_10,0.1823478421,0.005582477864,0.03325073553,0.002036439986,16.32787401
gap,thrust,twosub2p0,10_15,0.1722065736,0.001902524695,0.02965510399,0.0006558856326,45.21383381
gap,thrust,twosub2p0,15_20,0.1758899232,0.001692014478,0.03093726507,0.0005953250435,51.96701434
gap,thrust,twosub2p0,20_25,0.1610078631,0.002512507883,0.02592353199,0.0008094882725,32.02459242
gap,thrust,twosub2p0,25_30,0.1438232024,0.006925257921,0.02068511356,0.001988529861,10.4022142
gap,thrust,twosub2p0,30_35,0.1423929298,0.01615315082,0.02027574645,0.004573456572,4.433352788
gap,thrust,twosub2p0,35_40,0.159205541,0.04836654675,0.02534640427,0.01451723212,1.745952952
gap,thrust,twosub2p0,40_999,0,0,-0.1415005204,0.1581383218,-0.8947895663
selection,beam,inclusive,0_10,0.8179982312,0.0006575696998,0.6691211062,0.00107579881,621.9760607
selection,beam,inclusive,10_15,0.7877989972,0.000259558993,0.62062726,0.0004089577707,1517.582754
selection,beam,inclusive,15_20,0.738490908,0.0002686933704,0.5453688211,0.0003968663864,1374.187484
selection,beam,inclusive,20_25,0.6758712262,0.0004526832992,0.4568019144,0.0006118705324,746.5662918
selection,beam,inclusive,25_30,0.6105141659,0.001389559083,0.3727275468,0.00169678303,219.6671821
selection,beam,inclusive,30_35,0.5448835267,0.00277624795,0.2968980577,0.003024352902,98.16911826
selection,beam,inclusive,35_40,0.4927123086,0.01145141558,0.2427654191,0.01127905961,21.52355138
selection,beam,inclusive,40_999,0.4789755236,0.03200116913,0.2294175522,0.03057663023,7.503035831
selection,beam,pt04to1,0_10,0.5165743841,0.0005162197052,0.2668490943,0.0005333431926,500.3328025
selection,beam,pt04to1,10_15,0.4462349604,0.001049410831,0.1991256399,0.0009367894637,212.5617842
selection,beam,pt04to1,15_20,0.387641818,0.003408495105,0.1502661791,0.00264184795,56.87919289
selection,beam,pt04to1,20_25,0.3302536551,0.02185550081,0.1090674767,0.01441583589,7.565810093
selection,beam,pt04to1,25_30,0,0,-0.0179916837,0.01686720347,-1.066666667
selection,beam,pt04to1,30_35,0,0,0,0,0
selection,beam,pt04to1,35_40,0,0,0,0,0
selection,beam,pt04to1,40_999,0,0,0,0,0
selection,beam,pt04to2,0_10,0.6604432758,0.0003354705567,0.4361853206,0.0004431262903,984.3363621
selection,beam,pt04to2,10_15,0.609111094,0.0004838653587,0.3710163248,0.0005894723829,629.4040833
selection,beam,pt04to2,15_20,0.5496393365,0.0009531213347,0.3021034002,0.001047535624,288.3943929
selection,beam,pt04to2,20_25,0.4944031091,0.001853818989,0.2444344342,0.00183312655,133.3429131
selection,beam,pt04to2,25_30,0.4480615482,0.004322708236,0.200759151,0.003878086318,51.76758187
selection,beam,pt04to2,30_35,0.3932800974,0.02267264253,0.154669235,0.01771807291,8.729461478
selection,beam,pt04to2,35_40,0.3491433755,0.05729392092,0.1219010967,0.03939674282,3.094192259
selection,beam,pt04to2,40_999,0,0,0,0,0
selection,beam,pt1to3,0_10,0.7905183461,0.0003462119123,0.6249192555,0.000547361327,1141.694206
selection,beam,pt1to3,10_15,0.7313498865,0.0005017654656,0.5348726565,0.0007339390019,728.7699048
selection,beam,pt1to3,15_20,0.6792857061,0.002098438733,0.4614290705,0.002850384831,161.8830782
selection,beam,pt1to3,20_25,0.6496068169,0.01702511794,0.4219890166,0.02217344634,19.03127777
selection,beam,pt1to3,25_30,0,0,0.3376331512,0.3165310792,1.066666667
selection,beam,pt1to3,30_35,0,0,0,0,0
selection,beam,pt1to3,35_40,0,0,0,0,0
selection,beam,pt1to3,40_999,0,0,0,0,0
selection,beam,positive,0_10,0.7571712944,0.0002462546823,0.5733083691,0.0003729122679,1537.381358
selection,beam,positive,10_15,0.6634764985,0.0003917799995,0.4402010641,0.0005198757854,846.7427729
selection,beam,positive,15_20,0.5528247678,0.001727865503,0.3056152238,0.001910674669,159.951471
selection,beam,positive,20_25,0.4621836929,0.02693338216,0.213613766,0.02474976774,8.630940224
selection,beam,positive,25_30,0,0,-0.006947564987,0.006513342175,-1.066666667
selection,beam,positive,30_35,0,0,0,0,0
selection,beam,positive,35_40,0,0,0,0,0
selection,beam,positive,40_999,0,0,0,0,0
selection,beam,negative,0_10,0.7561686222,0.0002848569776,0.5717909851,0.0004307832263,1327.328805
selection,beam,negative,10_15,0.6609376837,0.000554393027,0.4368386217,0.0007328160515,596.109516
selection,beam,negative,15_20,0.5437553391,0.003105916199,0.2956698688,0.003377323043,87.5456286
selection,beam,negative,20_25,0.4476057772,0.02988718985,0.2003509318,0.02669026656,7.506516704
selection,beam,negative,25_30,0,0,0,0,0
selection,beam,negative,30_35,0,0,0,0,0
selection,beam,negative,35_40,0,0,0,0,0
selection,beam,negative,40_999,0,0,0,0,0
selection,beam,thrustlt0p90,0_10,0.5633233767,0.004915650542,0.3173332267,0.005536936515,57.31205801
selection,beam,thrustlt0p90,10_15,0.5370500477,0.001611925374,0.2884227538,0.001731530574,166.5709853
selection,beam,thrustlt0p90,15_20,0.5185888925,0.0006635379691,0.2689344394,0.0006882074353,390.7752599
selection,beam,thrustlt0p90,20_25,0.5031040057,0.0007126009453,0.2531136406,0.000717049345,352.9933363
selection,beam,thrustlt0p90,25_30,0.4906030657,0.001876683758,0.240691368,0.001841137637,130.7296984
selection,beam,thrustlt0p90,30_35,0.469175375,0.003221702242,0.2201255325,0.00302100529,72.86499406
selection,beam,thrustlt0p90,35_40,0.443868396,0.01081219796,0.197019153,0.009615096509,20.49060587
selection,beam,thrustlt0p90,40_999,0.4789755236,0.03200116913,0.2294175522,0.03057663023,7.503035831
selection,beam,thrustlt0p85,0_10,0.5522945102,0.005787602044,0.305029226,0.006393249806,47.71113834
selection,beam,thrustlt0p85,10_15,0.5019490212,0.003230144937,0.2519528199,0.003243619038,77.67645242
selection,beam,thrustlt0p85,15_20,0.4602357377,0.001137099254,0.2118169342,0.001047048491,202.2990684
selection,beam,thrustlt0p85,20_25,0.4335066322,0.001293229587,0.1879280002,0.001121165452,167.6184366
selection,beam,thrustlt0p85,25_30,0.4178980774,0.002450088482,0.1746388031,0.002047569057,85.2908001
selection,beam,thrustlt0p85,30_35,0.4018984758,0.004164394354,0.1615223849,0.003344038829,48.30158774
selection,beam,thrustlt0p85,35_40,0.3862815091,0.01258870064,0.1492134043,0.009717387706,15.35530008
selection,beam,thrustlt0p85,40_999,0.4592964323,0.03049119024,0.2109532127,0.02783269259,7.579331825
selection,beam,sphgt0p12,0_10,0.5952480454,0.003626836701,0.3543202355,0.004316135699,82.0920055
selection,beam,sphgt0p12,10_15,0.5784614286,0.001946114451,0.3346176244,0.002251523685,148.6183008
selection,beam,sphgt0p12,15_20,0.5607158942,0.0007483657442,0.314402314,0.0008392524319,374.6218683
selection,beam,sphgt0p12,20_25,0.5429354982,0.0006374211465,0.2947789552,0.0006921420624,425.8937163
selection,beam,sphgt0p12,25_30,0.526602846,0.001890204259,0.2773105574,0.001990563485,139.3125914
selection,beam,sphgt0p12,30_35,0.4980971388,0.002887380204,0.2481007597,0.00287572622,86.27412372
selection,beam,sphgt0p12,35_40,0.4612722279,0.01187276718,0.2127720683,0.01095964381,19.41414083
selection,beam,sphgt0p12,40_999,0.4789755236,0.03200116913,0.2294175522,0.03057663023,7.503035831
selection,beam,sphgt0p22,0_10,0.5734616018,0.006192216948,0.3288582087,0.007092001938,46.37029312
selection,beam,sphgt0p22,10_15,0.5399469719,0.003269607513,0.2915427325,0.003530570288,82.57666855
selection,beam,sphgt0p22,15_20,0.5006258374,0.0009095663741,0.2506262291,0.000910727826,275.1933365
selection,beam,sphgt0p22,20_25,0.4747164403,0.001393059042,0.2253556987,0.001322507758,170.4002849
selection,beam,sphgt0p22,25_30,0.460739212,0.002514267525,0.2122806215,0.002315971085,91.65944378
selection,beam,sphgt0p22,30_35,0.4407739324,0.002625025917,0.1942816595,0.002312775106,84.0036971
selection,beam,sphgt0p22,35_40,0.4157131106,0.01231701112,0.1728173903,0.01025413348,16.85343677
selection,beam,sphgt0p22,40_999,0.4789755236,0.03200116913,0.2294175522,0.03057663023,7.503035831
selection,thrust,inclusive,0_10,0.3416780557,0.001938489142,0.1167438938,0.001324491045,88.1424561
selection,thrust,inclusive,10_15,0.3697460193,0.0008824768038,0.1367121188,0.0006525794907,209.4949669
selection,thrust,inclusive,15_20,0.4038380879,0.0005744860261,0.1630852012,0.0004639623566,351.5052437
selection,thrust,inclusive,20_25,0.4191647485,0.0005767513161,0.1756990864,0.000483460363,363.4198371
selection,thrust,inclusive,25_30,0.4197089718,0.001240855941,0.176155621,0.001041790191,169.0893451
selection,thrust,inclusive,30_35,0.407710165,0.003512120616,0.1662275786,0.002863981658,58.04072738
selection,thrust,inclusive,35_40,0.4026238402,0.01364775686,0.1621059567,0.01094358486,14.81287519
selection,thrust,inclusive,40_999,0.3124884891,0.1307904729,0.09764905579,0.06713179046,1.454587389
selection,thrust,pt04to1,0_10,0.2577821146,0.0005744979809,0.06645161859,0.0002962494497,224.3096777
selection,thrust,pt04to1,10_15,0.2960736419,0.001290010776,0.08765960143,0.0007638047425,114.7670295
selection,thrust,pt04to1,15_20,0.2963710461,0.004733890724,0.08783579694,0.00280543054,31.30920395
selection,thrust,pt04to1,20_25,0.2816189663,0.01328087508,0.0793092422,0.007477078497,10.60698269
selection,thrust,pt04to1,25_30,0,0,0.3472047506,0.3255044537,1.066666667
selection,thrust,pt04to1,30_35,0,0,0,0,0
selection,thrust,pt04to1,35_40,0,0,0,0,0
selection,thrust,pt04to1,40_999,0,0,0,0,0
selection,thrust,pt04to2,0_10,0.3185663475,0.0005728041069,0.1014845178,0.0003649270674,278.0953424
selection,thrust,pt04to2,10_15,0.3627184446,0.0006361429455,0.13156467,0.0004614150519,285.1330261
selection,thrust,pt04to2,15_20,0.3772794801,0.0008401057479,0.1423398061,0.000633995305,224.5123978
selection,thrust,pt04to2,20_25,0.3750290217,0.001887894167,0.1406467671,0.001415647101,99.35157358
selection,thrust,pt04to2,25_30,0.3602936048,0.005282808888,0.1298114817,0.003803992536,34.12506214
selection,thrust,pt04to2,30_35,0.3677611692,0.01690781487,0.1352482776,0.01240454213,10.90312534
selection,thrust,pt04to2,35_40,0.4130273878,0.06304436354,0.1705916231,0.05155434714,3.3089668
selection,thrust,pt04to2,40_999,0,0,0,0,0
selection,thrust,pt1to3,0_10,0.6405028348,0.0006278798672,0.4102438813,0.0008043605264,510.0248805
selection,thrust,pt1to3,10_15,0.6225407432,0.001480515852,0.3875569769,0.001843567585,210.2211929
selection,thrust,pt1to3,15_20,0.6088519216,0.004737111313,0.3707006624,0.005769191798,64.25521552
selection,thrust,pt1to3,20_25,0.5979873882,0.01226581562,0.3575889165,0.01469669633,24.33124482
selection,thrust,pt1to3,25_30,0,0,0.5502057503,0.5158178909,1.066666667
selection,thrust,pt1to3,30_35,0,0,0,0,0
selection,thrust,pt1to3,35_40,0,0,0,0,0
selection,thrust,pt1to3,40_999,0,0,0,0,0
selection,thrust,positive,0_10,0.4412285536,0.0004498444166,0.1946826365,0.0003969717655,490.4193532
selection,thrust,positive,10_15,0.4346229437,0.0005190812932,0.1888971032,0.0004511771832,418.6760993
selection,thrust,positive,15_20,0.4170354058,0.003444094221,0.1739185297,0.002874299361,60.50814751
selection,thrust,positive,20_25,0.3863158516,0.02066926763,0.1492399372,0.01593393268,9.366170934
selection,thrust,positive,25_30,0,0,0.1279293768,0.1199337908,1.066666667
selection,thrust,positive,30_35,0,0,0,0,0
selection,thrust,positive,35_40,0,0,0,0,0
selection,thrust,positive,40_999,0,0,0,0,0
selection,thrust,negative,0_10,0.4435807885,0.0007637780897,0.1967639159,0.0006776743244,290.3517351
selection,thrust,negative,10_15,0.4375116714,0.0007092113855,0.1914164626,0.0006204299156,308.5222969
selection,thrust,negative,15_20,0.4143061563,0.00387672357,0.1716495912,0.003212887289,53.42533856
selection,thrust,negative,20_25,0.4059278672,0.02733473458,0.1647774333,0.0222988449,7.389505334
selection,thrust,negative,25_30,0,0,0,0,0
selection,thrust,negative,30_35,0,0,0,0,0
selection,thrust,negative,35_40,0,0,0,0,0
selection,thrust,negative,40_999,0,0,0,0,0
selection,thrust,thrustlt0p90,0_10,0.5527146049,0.004007288074,0.3054934344,0.004428440072,68.98443459
selection,thrust,thrustlt0p90,10_15,0.5303976673,0.002123372062,0.2813216855,0.002252299525,124.9042067
selection,thrust,thrustlt0p90,15_20,0.504243431,0.001270247233,0.2542614377,0.00128109487,198.4719818
selection,thrust,thrustlt0p90,20_25,0.4745613432,0.0008831787055,0.2252084685,0.0008381824565,268.6866884
selection,thrust,thrustlt0p90,25_30,0.4467453913,0.001435703095,0.1995814447,0.001283064925,155.5505422
selection,thrust,thrustlt0p90,30_35,0.4191986162,0.003789252742,0.1757274798,0.003176037596,55.32915605
selection,thrust,thrustlt0p90,35_40,0.4087737666,0.01408181124,0.1670959922,0.01147209118,14.56543446
selection,thrust,thrustlt0p90,40_999,0.3124884891,0.1307904729,0.09764905579,0.06713179046,1.454587389
selection,thrust,thrustlt0p85,0_10,0.5786967176,0.006914805811,0.3348898909,0.007999438532,41.86417454
selection,thrust,thrustlt0p85,10_15,0.5547828214,0.002396416272,0.3077839789,0.002659426453,115.733217
selection,thrust,thrustlt0p85,15_20,0.5291619505,0.001456729298,0.2800123699,0.001541881166,181.6043778
selection,thrust,thrustlt0p85,20_25,0.4980266136,0.001218841882,0.2480305079,0.00121402378,204.3044888
selection,thrust,thrustlt0p85,25_30,0.4654738991,0.001726414619,0.2166659508,0.001607100123,134.8179542
selection,thrust,thrustlt0p85,30_35,0.4288483321,0.004210069687,0.1839108919,0.00360843208,50.96698173
selection,thrust,thrustlt0p85,35_40,0.4212116494,0.01662983915,0.1774192536,0.01396941811,12.70054717
selection,thrust,thrustlt0p85,40_999,0.3258188688,0.1358496403,0.1061579353,0.07342474975,1.445805885
selection,thrust,sphgt0p12,0_10,0.5535053868,0.003474620433,0.3063682132,0.003844018617,79.69998164
selection,thrust,sphgt0p12,10_15,0.5287852042,0.001845956729,0.2796137921,0.001952496969,143.2083105
selection,thrust,sphgt0p12,15_20,0.5033057789,0.001189235604,0.2533167071,0.001197175037,211.5953802
selection,thrust,sphgt0p12,20_25,0.4725265804,0.0008029960164,0.2232813691,0.0007587377649,294.2800259
selection,thrust,sphgt0p12,25_30,0.4439946977,0.00135087246,0.1971312916,0.001199816613,164.3011852
selection,thrust,sphgt0p12,30_35,0.4158931644,0.003763758183,0.1729671242,0.003130407967,55.2538602
selection,thrust,sphgt0p12,35_40,0.4077704266,0.01398725951,0.1662767208,0.01136873647,14.62578724
selection,thrust,sphgt0p12,40_999,0.3124884891,0.1307904729,0.09764905579,0.06713179046,1.454587389
selection,thrust,sphgt0p22,0_10,0.5661489699,0.00512381489,0.3205246562,0.005796925598,55.29218044
selection,thrust,sphgt0p22,10_15,0.5506305541,0.002746087255,0.3031940071,0.003023656258,100.2739668
selection,thrust,sphgt0p22,15_20,0.5266894305,0.001420016111,0.2774017562,0.001495878697,185.4440181
selection,thrust,sphgt0p22,20_25,0.4959841698,0.001228468021,0.2460002967,0.001218394877,201.905229
selection,thrust,sphgt0p22,25_30,0.4634133436,0.001804437321,0.214751927,0.001672444393,128.4060193
selection,thrust,sphgt0p22,30_35,0.4252427181,0.003952471163,0.1808313693,0.003357672918,53.85615982
selection,thrust,sphgt0p22,35_40,0.415467501,0.01726211255,0.1726132444,0.0142919434,12.07766078
selection,thrust,sphgt0p22,40_999,0.3124884891,0.1307904729,0.09764905579,0.06713179046,1.454587389
